rps_series_id,rps_quarter_date,ai_adoption_pct
RPSGENAIUSAGESHAREIND2,2024-07-01,50.5673798709
RPSGENAIUSAGESHAREIND2,2024-10-01,53.3473469954
RPSGENAIUSAGESHAREIND2,2025-01-01,58.9186479936
RPSGENAIUSAGESHAREIND2,2025-04-01,54.9223558799
RPSGENAIUSAGESHAREIND2,2025-07-01,65.3575628928
RPSGENAIUSAGESHAREIND2,2025-10-01,46.0659189673
RPSGENAIUSAGESHAREIND2,2026-01-01,44.9596940608
RPSGENAIUSAGESHAREIND2,2026-04-01,26.0994565394
RPSGENAIUSAGESHAREIND3,2024-07-01,37.7758062888
RPSGENAIUSAGESHAREIND3,2024-10-01,33.9436568261
RPSGENAIUSAGESHAREIND3,2025-01-01,30.8926740488
RPSGENAIUSAGESHAREIND3,2025-04-01,37.3614483696
RPSGENAIUSAGESHAREIND3,2025-07-01,37.9361592583
RPSGENAIUSAGESHAREIND3,2025-10-01,42.8012639019
RPSGENAIUSAGESHAREIND3,2026-01-01,51.3578162907
RPSGENAIUSAGESHAREIND3,2026-04-01,43.5424833398
RPSGENAIUSAGESHAREIND4,2024-07-01,35.1998454672
RPSGENAIUSAGESHAREIND4,2024-10-01,25.0227811064
RPSGENAIUSAGESHAREIND4,2025-01-01,31.5258094344
RPSGENAIUSAGESHAREIND4,2025-04-01,35.0128845868
RPSGENAIUSAGESHAREIND4,2025-07-01,41.2298138271
RPSGENAIUSAGESHAREIND4,2025-10-01,39.8784203557
RPSGENAIUSAGESHAREIND4,2026-01-01,47.7054141765
RPSGENAIUSAGESHAREIND4,2026-04-01,47.6586710999
RPSGENAIUSAGESHAREIND5,2024-07-01,40.1064233108
RPSGENAIUSAGESHAREIND5,2024-10-01,37.6888855529
RPSGENAIUSAGESHAREIND5,2025-01-01,33.1450191327
RPSGENAIUSAGESHAREIND5,2025-04-01,41.633456879
RPSGENAIUSAGESHAREIND5,2025-07-01,39.4578598872
RPSGENAIUSAGESHAREIND5,2025-10-01,48.3760893537
RPSGENAIUSAGESHAREIND5,2026-01-01,35.3700672907
RPSGENAIUSAGESHAREIND5,2026-04-01,62.1165459402
RPSGENAIUSAGESHAREIND6,2024-07-01,34.7735490342
RPSGENAIUSAGESHAREIND6,2024-10-01,27.9143462875
RPSGENAIUSAGESHAREIND6,2025-01-01,27.1569651558
RPSGENAIUSAGESHAREIND6,2025-04-01,31.0596763863
RPSGENAIUSAGESHAREIND6,2025-07-01,27.0463243133
RPSGENAIUSAGESHAREIND6,2025-10-01,32.3973752672
RPSGENAIUSAGESHAREIND6,2026-01-01,33.592756528
RPSGENAIUSAGESHAREIND6,2026-04-01,39.4512265617
RPSGENAIUSAGESHAREIND7,2024-07-01,17.769577952
RPSGENAIUSAGESHAREIND7,2024-10-01,19.8676123175
RPSGENAIUSAGESHAREIND7,2025-01-01,23.1540027603
RPSGENAIUSAGESHAREIND7,2025-04-01,20.8097327979
RPSGENAIUSAGESHAREIND7,2025-07-01,30.5355267155
RPSGENAIUSAGESHAREIND7,2025-10-01,20.962503665
RPSGENAIUSAGESHAREIND7,2026-01-01,29.920733019
RPSGENAIUSAGESHAREIND7,2026-04-01,25.1041845591
RPSGENAIUSAGESHAREIND8,2024-07-01,33.2438456718
RPSGENAIUSAGESHAREIND8,2024-10-01,31.0331708114
RPSGENAIUSAGESHAREIND8,2025-01-01,40.7401527758
RPSGENAIUSAGESHAREIND8,2025-04-01,51.1037199779
RPSGENAIUSAGESHAREIND8,2025-07-01,43.7078472011
RPSGENAIUSAGESHAREIND8,2025-10-01,52.4954765705
RPSGENAIUSAGESHAREIND8,2026-01-01,47.1377413493
RPSGENAIUSAGESHAREIND8,2026-04-01,56.4271540336
RPSGENAIUSAGESHAREIND9,2024-07-01,64.7063583825
RPSGENAIUSAGESHAREIND9,2024-10-01,56.551084411
RPSGENAIUSAGESHAREIND9,2025-01-01,59.7148472626
RPSGENAIUSAGESHAREIND9,2025-04-01,59.3019751766
RPSGENAIUSAGESHAREIND9,2025-07-01,68.9688836895
RPSGENAIUSAGESHAREIND9,2025-10-01,70.3410050027
RPSGENAIUSAGESHAREIND9,2026-01-01,68.4476116405
RPSGENAIUSAGESHAREIND9,2026-04-01,82.1926036484
RPSGENAIUSAGESHAREIND10,2024-07-01,51.8733608276
RPSGENAIUSAGESHAREIND10,2024-10-01,48.4527961508
RPSGENAIUSAGESHAREIND10,2025-01-01,37.8603040592
RPSGENAIUSAGESHAREIND10,2025-04-01,45.4443301367
RPSGENAIUSAGESHAREIND10,2025-07-01,56.093571307
RPSGENAIUSAGESHAREIND10,2025-10-01,63.1825947913
RPSGENAIUSAGESHAREIND10,2026-01-01,66.1308517041
RPSGENAIUSAGESHAREIND10,2026-04-01,67.33240401
RPSGENAIUSAGESHAREIND11,2024-07-01,45.6119743571
RPSGENAIUSAGESHAREIND11,2024-10-01,23.5365028487
RPSGENAIUSAGESHAREIND11,2025-01-01,28.6058983897
RPSGENAIUSAGESHAREIND11,2025-04-01,42.1723849562
RPSGENAIUSAGESHAREIND11,2025-07-01,46.1239890357
RPSGENAIUSAGESHAREIND11,2025-10-01,58.2465446506
RPSGENAIUSAGESHAREIND11,2026-01-01,54.5375920171
RPSGENAIUSAGESHAREIND11,2026-04-01,56.4928358382
RPSGENAIUSAGESHAREIND12,2024-07-01,45.1043297526
RPSGENAIUSAGESHAREIND12,2024-10-01,46.6555015171
RPSGENAIUSAGESHAREIND12,2025-01-01,47.2650943803
RPSGENAIUSAGESHAREIND12,2025-04-01,52.4063018677
RPSGENAIUSAGESHAREIND12,2025-07-01,62.4384828116
RPSGENAIUSAGESHAREIND12,2025-10-01,61.6869936106
RPSGENAIUSAGESHAREIND12,2026-01-01,63.9550105232
RPSGENAIUSAGESHAREIND12,2026-04-01,69.5429443332
RPSGENAIUSAGESHAREIND13,2024-07-01,58.2439002109
RPSGENAIUSAGESHAREIND13,2024-10-01,68.4652585255
RPSGENAIUSAGESHAREIND13,2025-01-01,72.6112594841
RPSGENAIUSAGESHAREIND13,2025-04-01,49.3573230881
RPSGENAIUSAGESHAREIND13,2025-07-01,64.7946973248
RPSGENAIUSAGESHAREIND13,2025-10-01,72.0572476561
RPSGENAIUSAGESHAREIND13,2026-01-01,63.8975062502
RPSGENAIUSAGESHAREIND13,2026-04-01,64.4594343994
RPSGENAIUSAGESHAREIND14,2024-07-01,21.0385400664
RPSGENAIUSAGESHAREIND14,2024-10-01,19.32683273
RPSGENAIUSAGESHAREIND14,2025-01-01,20.7484706108
RPSGENAIUSAGESHAREIND14,2025-04-01,27.5099585876
RPSGENAIUSAGESHAREIND14,2025-07-01,29.4045811105
RPSGENAIUSAGESHAREIND14,2025-10-01,28.4324737268
RPSGENAIUSAGESHAREIND14,2026-01-01,29.3459699127
RPSGENAIUSAGESHAREIND14,2026-04-01,40.4601157323
RPSGENAIUSAGESHAREIND15,2024-07-01,40.7939268081
RPSGENAIUSAGESHAREIND15,2024-10-01,31.6266590147
RPSGENAIUSAGESHAREIND15,2025-01-01,37.8938719868
RPSGENAIUSAGESHAREIND15,2025-04-01,37.0550913567
RPSGENAIUSAGESHAREIND15,2025-07-01,43.0692902859
RPSGENAIUSAGESHAREIND15,2025-10-01,50.506410362
RPSGENAIUSAGESHAREIND15,2026-01-01,54.5618569187
RPSGENAIUSAGESHAREIND15,2026-04-01,52.5851862896
RPSGENAIUSAGESHAREIND16,2024-07-01,23.4425998569
RPSGENAIUSAGESHAREIND16,2024-10-01,29.6282092545
RPSGENAIUSAGESHAREIND16,2025-01-01,31.0588149939
RPSGENAIUSAGESHAREIND16,2025-04-01,26.9159098341
RPSGENAIUSAGESHAREIND16,2025-07-01,23.0138873982
RPSGENAIUSAGESHAREIND16,2025-10-01,31.9074291972
RPSGENAIUSAGESHAREIND16,2026-01-01,34.6077780807
RPSGENAIUSAGESHAREIND16,2026-04-01,37.1653034619
RPSGENAIUSAGESHAREIND17,2024-07-01,22.6317678043
RPSGENAIUSAGESHAREIND17,2024-10-01,28.8112942802
RPSGENAIUSAGESHAREIND17,2025-01-01,30.058035254
RPSGENAIUSAGESHAREIND17,2025-04-01,34.3794733773
RPSGENAIUSAGESHAREIND17,2025-07-01,29.0805147801
RPSGENAIUSAGESHAREIND17,2025-10-01,42.9412975956
RPSGENAIUSAGESHAREIND17,2026-01-01,28.5132669543
RPSGENAIUSAGESHAREIND17,2026-04-01,31.9992080832
RPSGENAIUSAGESHAREIND18,2024-07-01,14.5869524213
RPSGENAIUSAGESHAREIND18,2024-10-01,13.611890798
RPSGENAIUSAGESHAREIND18,2025-01-01,19.366920555
RPSGENAIUSAGESHAREIND18,2025-04-01,22.8353679461
RPSGENAIUSAGESHAREIND18,2025-07-01,16.5581810507
RPSGENAIUSAGESHAREIND18,2025-10-01,20.8648158974
RPSGENAIUSAGESHAREIND18,2026-01-01,29.5089048784
RPSGENAIUSAGESHAREIND18,2026-04-01,30.52520052
RPSGENAIUSAGESHAREIND19,2024-07-01,18.7904993113
RPSGENAIUSAGESHAREIND19,2024-10-01,21.1496228628
RPSGENAIUSAGESHAREIND19,2025-01-01,26.5082050812
RPSGENAIUSAGESHAREIND19,2025-04-01,25.6566212512
RPSGENAIUSAGESHAREIND19,2025-07-01,28.6641421766
RPSGENAIUSAGESHAREIND19,2025-10-01,31.1101912449
RPSGENAIUSAGESHAREIND19,2026-01-01,28.5320547217
RPSGENAIUSAGESHAREIND19,2026-04-01,24.6784134748
